<ActivityView xmlns:i="http://www.w3.org/2001/XMLSchema-instance" xmlns="http://clipflair.net/Contracts/View"><Height>770</Height><Moveable>false</Moveable><Opacity>1</Opacity><Position xmlns:d2p1="http://schemas.datacontract.org/2004/07/System.Windows"><d2p1:X>0</d2p1:X><d2p1:Y>0</d2p1:Y></Position><Resizable>false</Resizable><Title>Actividad</Title><Width>1189</Width><Zoom>1</Zoom><Zoomable>false</Zoomable><ContentPartsConfigurable>true</ContentPartsConfigurable><ContentZoom>1</ContentZoom><ContentZoomable>true</ContentZoomable><Source i:nil="true" /><Time>PT30.407S</Time><ViewHeight>696</ViewHeight><ViewPosition xmlns:d2p1="http://schemas.datacontract.org/2004/07/System.Windows"><d2p1:X>0</d2p1:X><d2p1:Y>0</d2p1:Y></ViewPosition><ViewWidth>1160</ViewWidth></ActivityView>